{"cameraMode":{"drawMode":0,"name":"Shaded","section":"Shading Mode"},"sceneLighting":true,"audioPlay":false,"sceneViewState":{"m_AlwaysRefresh":false,"showFog":true,"showSkybox":true,"showFlares":true,"showImageEffects":true,"showParticleSystems":true,"showVisualEffectGraphs":true,"m_FxEnabled":true},"in2DMode":false,"pivot":{"x":-1.2447524070739747,"y":-1.0317564010620118,"z":3.323643684387207},"rotation":{"x":0.33138853311538699,"y":-0.18788519501686097,"z":0.06752074509859085,"w":0.9221298694610596},"size":19.16854476928711,"orthographic":false}