{"cameraMode":{"drawMode":0,"name":"Shaded","section":"Shading Mode"},"sceneLighting":true,"audioPlay":false,"sceneViewState":{"m_AlwaysRefresh":false,"showFog":true,"showSkybox":true,"showFlares":true,"showImageEffects":true,"showParticleSystems":true,"showVisualEffectGraphs":true,"m_FxEnabled":false},"in2DMode":false,"pivot":{"x":-17.566478729248048,"y":1.1583263874053956,"z":-2.1435463428497316},"rotation":{"x":0.42073869705200198,"y":0.5368895530700684,"z":-0.35302668809890749,"w":0.6405864953994751},"size":1.9915393590927125,"orthographic":false}