{"cameraMode":{"drawMode":0,"name":"Shaded","section":"Shading Mode"},"sceneLighting":true,"audioPlay":false,"sceneViewState":{"m_AlwaysRefresh":false,"showFog":true,"showSkybox":true,"showFlares":true,"showImageEffects":true,"showParticleSystems":true,"showVisualEffectGraphs":true,"m_FxEnabled":true},"in2DMode":false,"pivot":{"x":-16.419025421142579,"y":7.8515119552612309,"z":-2.9224588871002199},"rotation":{"x":-0.038134437054395679,"y":0.9597004055976868,"z":-0.2293604016304016,"w":-0.15911662578582765},"size":2.0732009410858156,"orthographic":false}