{"cameraMode":{"drawMode":0,"name":"Shaded","section":"Shading Mode"},"sceneLighting":true,"audioPlay":false,"sceneViewState":{"m_AlwaysRefresh":false,"showFog":true,"showSkybox":true,"showFlares":true,"showImageEffects":true,"showParticleSystems":true,"showVisualEffectGraphs":true,"m_FxEnabled":false},"in2DMode":false,"pivot":{"x":-0.07938289642333985,"y":14.611894607543946,"z":-1.8077049255371094},"rotation":{"x":0.047115862369537356,"y":0.926663339138031,"z":0.12415780872106552,"w":-0.35165706276893618},"size":10.449999809265137,"orthographic":false}