{"cameraMode":{"drawMode":0,"name":"Shaded","section":"Shading Mode"},"sceneLighting":true,"audioPlay":false,"sceneViewState":{"m_AlwaysRefresh":false,"showFog":true,"showSkybox":true,"showFlares":true,"showImageEffects":true,"showParticleSystems":true,"showVisualEffectGraphs":true,"m_FxEnabled":false},"in2DMode":false,"pivot":{"x":-15.507610321044922,"y":-2.818960428237915,"z":0.2810628116130829},"rotation":{"x":0.36346593499183657,"y":0.008663640357553959,"z":-0.0033796883653849365,"w":0.9315677285194397},"size":10.920249938964844,"orthographic":false}