{"cameraMode":{"drawMode":0,"name":"Shaded","section":"Shading Mode"},"sceneLighting":true,"audioPlay":false,"sceneViewState":{"m_AlwaysRefresh":false,"showFog":true,"showSkybox":true,"showFlares":true,"showImageEffects":true,"showParticleSystems":true,"showVisualEffectGraphs":true,"m_FxEnabled":false},"in2DMode":false,"pivot":{"x":-13.653024673461914,"y":-2.597357749938965,"z":-0.38211584091186526},"rotation":{"x":-0.48631328344345095,"y":0.009965311735868454,"z":-0.0055509586818516258,"w":-0.873715341091156},"size":10.58915901184082,"orthographic":false}