{"cameraMode":{"drawMode":0,"name":"Shaded","section":"Shading Mode"},"sceneLighting":true,"audioPlay":false,"sceneViewState":{"m_AlwaysRefresh":false,"showFog":true,"showSkybox":true,"showFlares":true,"showImageEffects":true,"showParticleSystems":true,"showVisualEffectGraphs":true,"m_FxEnabled":true},"in2DMode":false,"pivot":{"x":8.927265167236329,"y":-4.037030220031738,"z":13.855731010437012},"rotation":{"x":-0.29703274369239809,"y":0.35669103264808657,"z":-0.12074223160743714,"w":-0.8774822354316711},"size":16.043352127075197,"orthographic":false}