{"cameraMode":{"drawMode":0,"name":"Shaded","section":"Shading Mode"},"sceneLighting":true,"audioPlay":false,"sceneViewState":{"m_AlwaysRefresh":false,"showFog":true,"showSkybox":true,"showFlares":true,"showImageEffects":true,"showParticleSystems":true,"showVisualEffectGraphs":true,"m_FxEnabled":false},"in2DMode":false,"pivot":{"x":-15.365983009338379,"y":-5.136780738830566,"z":3.6632776260375978},"rotation":{"x":0.3409772515296936,"y":0.06760361045598984,"z":-0.02459285967051983,"w":0.9373167157173157},"size":15.301213264465332,"orthographic":false}